task_description,category,priority
Fix security vulnerability in payment API,Bug,High
Add user profile picture upload feature,Feature,Medium
Optimize database queries for dashboard loading,Improvement,Medium
Research best practices for microservices architecture,Research,Low
Implement dark mode in the web app,Feature,Medium
Resolve crash on Android login screen,Bug,High
Improve password reset email delivery,Improvement,Medium
Study AI-based recommendation systems for next release,Research,Low
Fix broken links in FAQ page,Bug,Low
Add two-factor authentication support,Feature,High
Reduce API response time for search endpoint,Improvement,High
Investigate blockchain integration feasibility,Research,Medium
Fix typo in About Us page,Bug,Low
Integrate Google Sign-In authentication,Feature,Medium
Enhance security for user sessions,Improvement,High
Explore AR-based product visualization,Research,Medium
Resolve issue with payment gateway timeout,Bug,High
Add export to CSV for reports,Feature,Medium
Refactor old code in analytics module,Improvement,Medium
Investigate edge computing solutions,Research,Low
Fix image upload rotation issue,Bug,Low
Implement push notifications for mobile app,Feature,High
Update outdated third-party libraries,Improvement,Medium
Research AI for automated customer support,Research,High
Resolve incorrect tax calculation,Bug,High
Add support for multiple currencies,Feature,High
Optimize frontend assets for faster loading,Improvement,Medium
Investigate cloud cost optimization,Research,Medium
Fix logout button not working on Safari,Bug,Medium
Add voice search functionality,Feature,Medium
Improve error messages for failed payments,Improvement,High
Explore IoT device integration,Research,Medium
Fix email duplication bug in registration,Bug,High
Add in-app chat support,Feature,High
Upgrade database to latest stable version,Improvement,Medium
Research quantum-safe encryption methods,Research,Low
Resolve 404 error on product pages,Bug,High
Add coupon code functionality,Feature,Medium
Enhance image compression on upload,Improvement,Medium
Study deepfake detection algorithms,Research,High
Fix overlapping text on mobile footer,Bug,Low
Add progress tracking for learning module,Feature,Medium
Improve caching for frequently accessed data,Improvement,High
Explore AI in fraud detection,Research,High
Fix push notification duplication,Bug,Medium
Add wishlist feature to e-commerce site,Feature,Medium
Optimize SQL joins in reporting module,Improvement,High
Research renewable energy integration for servers,Research,Low
Fix missing favicon on main site,Bug,Low
Add custom themes support,Feature,Medium
Improve search relevance ranking,Improvement,Medium
Explore VR-based training modules,Research,Medium
Fix pagination issue in orders list,Bug,Medium
Add referral program functionality,Feature,Medium
Refactor user authentication module,Improvement,High
Research big data analytics platforms,Research,Medium
Fix broken pagination in blog,Bug,Low
Add bulk product upload feature,Feature,Medium
Improve API error handling,Improvement,High
Investigate AI-powered SEO optimization,Research,Medium
Fix delay in push notification delivery,Bug,Medium
Add email scheduling feature,Feature,Medium
Enhance security logging,Improvement,High
Research voice cloning technology,Research,High
Fix cart not updating after item removal,Bug,High
Add gift card functionality,Feature,Medium
Improve mobile responsiveness of landing page,Improvement,Medium
Explore AI for document summarization,Research,High
Fix infinite scroll bug on news feed,Bug,Medium
Add tagging system for blog posts,Feature,Low
Optimize background jobs for email sending,Improvement,Medium
Research edge AI devices,Research,Medium
Fix double charging in subscription payments,Bug,High
Add multi-language support,Feature,High
Improve data visualization in admin panel,Improvement,High
Investigate drone-based delivery,Research,Medium
Fix upload progress bar not displaying,Bug,Low
Add offline mode for mobile app,Feature,Medium
Enhance API rate limiting,Improvement,High
Research AI for predictive maintenance,Research,Medium
Fix mismatch in order total calculation,Bug,High
Add recurring payment option,Feature,Medium
Optimize image lazy loading,Improvement,Medium
Research autonomous vehicle navigation,Research,High
Fix alignment issues in checkout form,Bug,Low
Add QR code login feature,Feature,Medium
Improve system monitoring alerts,Improvement,High
Research AI for weather prediction,Research,Medium
Fix search results not updating,Bug,High
Add markdown support for posts,Feature,Low
Optimize data backup process,Improvement,High
Explore AI in medical imaging,Research,High
Fix UI freezing after form submission,Bug,High
Add payment installment plans,Feature,Medium
Improve SMS notification delivery,Improvement,Medium
Research space-based internet solutions,Research,Low
